TransactionID,Date,Description,Category,Amount,Type,PaymentMethod,DayOfWeek,Month,MonthName,Year,Quarter,IsWeekend
TXN0048,2024-01-01,Gym Membership,Healthcare,1500,Expense,UPI,Monday,1,Jan,2024,Q1,No
TXN0017,2024-01-01,Zomato Order,Food & Dining,350,Expense,UPI,Monday,1,Jan,2024,Q1,No
TXN0001,2024-01-01,Salary Credit - Employer,Income,95000,Income,Bank Transfer,Monday,1,Jan,2024,Q1,No
TXN0002,2024-01-01,Monthly Rent Payment,Rent,20000,Expense,Net Banking,Monday,1,Jan,2024,Q1,No
TXN0009,2024-01-03,Big Basket Order,Groceries,1200,Expense,UPI,Wednesday,1,Jan,2024,Q1,No
TXN0018,2024-01-03,Swiggy Order,Food & Dining,300,Expense,UPI,Wednesday,1,Jan,2024,Q1,No
TXN0003,2024-01-03,Electricity Bill,Utilities,1700,Expense,UPI,Wednesday,1,Jan,2024,Q1,No
TXN0004,2024-01-04,Mobile Recharge - Jio,Utilities,299,Expense,UPI,Thursday,1,Jan,2024,Q1,No
TXN0032,2024-01-04,Ola / Uber Cab,Travel,250,Expense,UPI,Thursday,1,Jan,2024,Q1,No
TXN0045,2024-01-05,Amazon Order,Shopping,1200,Expense,Credit Card,Friday,1,Jan,2024,Q1,No
TXN0044,2024-01-05,Bowling-Sports,Entertainment,600,Expense,Cash,Friday,1,Jan,2024,Q1,No
TXN0019,2024-01-05,Restaurant Dinner,Food & Dining,800,Expense,Credit Card,Friday,1,Jan,2024,Q1,No
TXN0005,2024-01-05,Internet Broadband,Utilities,999,Expense,Net Banking,Friday,1,Jan,2024,Q1,No
TXN0008,2024-01-05,YouTube Premium,Subscriptions,189,Expense,Credit Card,Friday,1,Jan,2024,Q1,No
TXN0007,2024-01-05,Spotify Premium,Subscriptions,119,Expense,Credit Card,Friday,1,Jan,2024,Q1,No
TXN0006,2024-01-06,Gas Cylinder,Utilities,950,Expense,Cash,Saturday,1,Jan,2024,Q1,Yes
TXN0040,2024-01-06,Movie Tickets - BookMyShow,Entertainment,500,Expense,UPI,Saturday,1,Jan,2024,Q1,Yes
TXN0020,2024-01-07,Cafe Coffee Day,Food & Dining,375,Expense,UPI,Sunday,1,Jan,2024,Q1,Yes
TXN0010,2024-01-07,DMart Shopping,Groceries,1500,Expense,Debit Card,Sunday,1,Jan,2024,Q1,Yes
TXN0052,2024-01-08,Udemy Course,Education,499,Expense,Credit Card,Monday,1,Jan,2024,Q1,No
TXN0033,2024-01-08,Petrol Fill-up,Travel,2500,Expense,UPI,Monday,1,Jan,2024,Q1,No
TXN0021,2024-01-09,Office Canteen Lunch,Food & Dining,120,Expense,Cash,Tuesday,1,Jan,2024,Q1,No
TXN0011,2024-01-10,Local Kirana Store,Groceries,400,Expense,Cash,Wednesday,1,Jan,2024,Q1,No
TXN0046,2024-01-11,Flipkart Order,Shopping,1500,Expense,Credit Card,Thursday,1,Jan,2024,Q1,No
TXN0022,2024-01-11,McDonald's,Food & Dining,320,Expense,UPI,Thursday,1,Jan,2024,Q1,No
TXN0034,2024-01-12,Metro Card Recharge,Travel,500,Expense,UPI,Friday,1,Jan,2024,Q1,No
TXN0023,2024-01-13,Starbucks Coffee,Food & Dining,675,Expense,Credit Card,Saturday,1,Jan,2024,Q1,Yes
TXN0012,2024-01-13,Zepto Grocery,Groceries,600,Expense,UPI,Saturday,1,Jan,2024,Q1,Yes
TXN0041,2024-01-13,OTT - Netflix,Entertainment,649,Expense,Credit Card,Saturday,1,Jan,2024,Q1,Yes
TXN0024,2024-01-15,Pizza Hut,Food & Dining,650,Expense,Credit Card,Monday,1,Jan,2024,Q1,No
TXN0049,2024-01-15,Apollo Pharmacy,Healthcare,450,Expense,Cash,Monday,1,Jan,2024,Q1,No
TXN0035,2024-01-16,Ola / Uber Cab,Travel,300,Expense,Credit Card,Tuesday,1,Jan,2024,Q1,No
TXN0013,2024-01-16,Swiggy Instamart,Groceries,350,Expense,UPI,Tuesday,1,Jan,2024,Q1,No
TXN0047,2024-01-17,Myntra Clothing,Shopping,1800,Expense,Credit Card,Wednesday,1,Jan,2024,Q1,No
TXN0025,2024-01-17,Street Food,Food & Dining,120,Expense,Cash,Wednesday,1,Jan,2024,Q1,No
TXN0053,2024-01-18,Coursera Subscription,Education,1999,Expense,Credit Card,Thursday,1,Jan,2024,Q1,No
TXN0026,2024-01-19,Domino's Pizza,Food & Dining,550,Expense,UPI,Friday,1,Jan,2024,Q1,No
TXN0036,2024-01-19,Auto Rickshaw,Travel,100,Expense,Cash,Friday,1,Jan,2024,Q1,No
TXN0014,2024-01-19,Big Basket Order,Groceries,900,Expense,Credit Card,Friday,1,Jan,2024,Q1,No
TXN0042,2024-01-20,Gaming Purchase,Entertainment,800,Expense,Credit Card,Saturday,1,Jan,2024,Q1,Yes
TXN0027,2024-01-21,Zomato Order,Food & Dining,600,Expense,Credit Card,Sunday,1,Jan,2024,Q1,Yes
TXN0037,2024-01-21,Rapido Bike Taxi,Travel,80,Expense,UPI,Sunday,1,Jan,2024,Q1,Yes
TXN0050,2024-01-22,Doctor Consultation,Healthcare,600,Expense,UPI,Monday,1,Jan,2024,Q1,No
TXN0028,2024-01-23,Swiggy Order,Food & Dining,320,Expense,UPI,Tuesday,1,Jan,2024,Q1,No
TXN0015,2024-01-23,Local Kirana Store,Groceries,300,Expense,Cash,Tuesday,1,Jan,2024,Q1,No
TXN0029,2024-01-25,Restaurant Lunch,Food & Dining,600,Expense,UPI,Thursday,1,Jan,2024,Q1,No
TXN0054,2024-01-25,Programming Books,Education,799,Expense,UPI,Thursday,1,Jan,2024,Q1,No
TXN0038,2024-01-25,Ola / Uber Cab,Travel,220,Expense,UPI,Thursday,1,Jan,2024,Q1,No
TXN0016,2024-01-26,DMart Shopping,Groceries,1200,Expense,Debit Card,Friday,1,Jan,2024,Q1,No
TXN0030,2024-01-27,Biryani House,Food & Dining,675,Expense,Cash,Saturday,1,Jan,2024,Q1,Yes
TXN0043,2024-01-27,Concert Ticket,Entertainment,1200,Expense,Credit Card,Saturday,1,Jan,2024,Q1,Yes
TXN0039,2024-01-28,Petrol Fill-up,Travel,2200,Expense,Credit Card,Sunday,1,Jan,2024,Q1,Yes
TXN0051,2024-01-28,Diagnostic Lab Test,Healthcare,900,Expense,UPI,Sunday,1,Jan,2024,Q1,Yes
TXN0031,2024-01-29,Ice Cream Parlour,Food & Dining,180,Expense,Cash,Monday,1,Jan,2024,Q1,No
TXN0103,2024-02-01,Gym Membership,Healthcare,1500,Expense,UPI,Thursday,2,Feb,2024,Q1,No
TXN0072,2024-02-01,Zomato Order,Food & Dining,385,Expense,UPI,Thursday,2,Feb,2024,Q1,No
TXN0056,2024-02-01,Monthly Rent Payment,Rent,20000,Expense,Net Banking,Thursday,2,Feb,2024,Q1,No
TXN0055,2024-02-01,Salary Credit - Employer,Income,95000,Income,Bank Transfer,Thursday,2,Feb,2024,Q1,No
TXN0073,2024-02-03,Swiggy Order,Food & Dining,495,Expense,UPI,Saturday,2,Feb,2024,Q1,Yes
TXN0057,2024-02-03,Electricity Bill,Utilities,1853,Expense,UPI,Saturday,2,Feb,2024,Q1,Yes
TXN0064,2024-02-03,Big Basket Order,Groceries,1320,Expense,UPI,Saturday,2,Feb,2024,Q1,Yes
TXN0087,2024-02-04,Ola / Uber Cab,Travel,275,Expense,UPI,Sunday,2,Feb,2024,Q1,Yes
TXN0058,2024-02-04,Mobile Recharge - Jio,Utilities,299,Expense,UPI,Sunday,2,Feb,2024,Q1,Yes
TXN0099,2024-02-05,Bowling-Sports,Entertainment,660,Expense,Cash,Monday,2,Feb,2024,Q1,No
TXN0059,2024-02-05,Internet Broadband,Utilities,999,Expense,Net Banking,Monday,2,Feb,2024,Q1,No
TXN0074,2024-02-05,Restaurant Dinner,Food & Dining,880,Expense,Credit Card,Monday,2,Feb,2024,Q1,No
TXN0061,2024-02-05,Spotify Premium,Subscriptions,119,Expense,Credit Card,Monday,2,Feb,2024,Q1,No
TXN0100,2024-02-05,Amazon Order,Shopping,1320,Expense,Credit Card,Monday,2,Feb,2024,Q1,No
TXN0062,2024-02-05,YouTube Premium,Subscriptions,189,Expense,Credit Card,Monday,2,Feb,2024,Q1,No
TXN0063,2024-02-05,LinkedIn Premium,Subscriptions,1600,Expense,Credit Card,Monday,2,Feb,2024,Q1,No
TXN0060,2024-02-06,Gas Cylinder,Utilities,950,Expense,Cash,Tuesday,2,Feb,2024,Q1,No
TXN0095,2024-02-06,Movie Tickets - BookMyShow,Entertainment,550,Expense,UPI,Tuesday,2,Feb,2024,Q1,No
TXN0075,2024-02-07,Cafe Coffee Day,Food & Dining,275,Expense,UPI,Wednesday,2,Feb,2024,Q1,No
TXN0065,2024-02-07,DMart Shopping,Groceries,1650,Expense,Debit Card,Wednesday,2,Feb,2024,Q1,No
TXN0107,2024-02-08,Udemy Course,Education,499,Expense,Credit Card,Thursday,2,Feb,2024,Q1,No
TXN0088,2024-02-08,Petrol Fill-up,Travel,2750,Expense,UPI,Thursday,2,Feb,2024,Q1,No
TXN0076,2024-02-09,Office Canteen Lunch,Food & Dining,132,Expense,Cash,Friday,2,Feb,2024,Q1,No
TXN0066,2024-02-10,Local Kirana Store,Groceries,440,Expense,Cash,Saturday,2,Feb,2024,Q1,Yes
TXN0101,2024-02-11,Flipkart Order,Shopping,1650,Expense,Credit Card,Sunday,2,Feb,2024,Q1,Yes
TXN0077,2024-02-11,McDonald's,Food & Dining,528,Expense,UPI,Sunday,2,Feb,2024,Q1,Yes
TXN0089,2024-02-12,Metro Card Recharge,Travel,550,Expense,UPI,Monday,2,Feb,2024,Q1,No
TXN0096,2024-02-13,OTT - Netflix,Entertainment,714,Expense,Credit Card,Tuesday,2,Feb,2024,Q1,No
TXN0067,2024-02-13,Zepto Grocery,Groceries,660,Expense,UPI,Tuesday,2,Feb,2024,Q1,No
TXN0078,2024-02-13,Starbucks Coffee,Food & Dining,495,Expense,Credit Card,Tuesday,2,Feb,2024,Q1,No
TXN0079,2024-02-15,Pizza Hut,Food & Dining,715,Expense,Credit Card,Thursday,2,Feb,2024,Q1,No
TXN0104,2024-02-15,Apollo Pharmacy,Healthcare,450,Expense,Cash,Thursday,2,Feb,2024,Q1,No
TXN0090,2024-02-16,Ola / Uber Cab,Travel,330,Expense,Credit Card,Friday,2,Feb,2024,Q1,No
TXN0068,2024-02-16,Swiggy Instamart,Groceries,385,Expense,UPI,Friday,2,Feb,2024,Q1,No
TXN0102,2024-02-17,Myntra Clothing,Shopping,1980,Expense,Credit Card,Saturday,2,Feb,2024,Q1,Yes
TXN0080,2024-02-17,Street Food,Food & Dining,198,Expense,Cash,Saturday,2,Feb,2024,Q1,Yes
TXN0108,2024-02-18,Coursera Subscription,Education,1999,Expense,Credit Card,Sunday,2,Feb,2024,Q1,Yes
TXN0069,2024-02-19,Big Basket Order,Groceries,990,Expense,Credit Card,Monday,2,Feb,2024,Q1,No
TXN0091,2024-02-19,Auto Rickshaw,Travel,110,Expense,Cash,Monday,2,Feb,2024,Q1,No
TXN0081,2024-02-19,Domino's Pizza,Food & Dining,605,Expense,UPI,Monday,2,Feb,2024,Q1,No
TXN0097,2024-02-20,Gaming Purchase,Entertainment,880,Expense,Credit Card,Tuesday,2,Feb,2024,Q1,No
TXN0082,2024-02-21,Zomato Order,Food & Dining,440,Expense,Credit Card,Wednesday,2,Feb,2024,Q1,No
TXN0092,2024-02-21,Rapido Bike Taxi,Travel,88,Expense,UPI,Wednesday,2,Feb,2024,Q1,No
TXN0105,2024-02-22,Doctor Consultation,Healthcare,600,Expense,UPI,Thursday,2,Feb,2024,Q1,No
TXN0070,2024-02-23,Local Kirana Store,Groceries,330,Expense,Cash,Friday,2,Feb,2024,Q1,No
TXN0083,2024-02-23,Swiggy Order,Food & Dining,352,Expense,UPI,Friday,2,Feb,2024,Q1,No
TXN0084,2024-02-25,Restaurant Lunch,Food & Dining,990,Expense,UPI,Sunday,2,Feb,2024,Q1,Yes
TXN0093,2024-02-25,Ola / Uber Cab,Travel,242,Expense,UPI,Sunday,2,Feb,2024,Q1,Yes
TXN0071,2024-02-26,DMart Shopping,Groceries,1320,Expense,Debit Card,Monday,2,Feb,2024,Q1,No
TXN0085,2024-02-27,Biryani House,Food & Dining,495,Expense,Cash,Tuesday,2,Feb,2024,Q1,No
TXN0098,2024-02-27,Concert Ticket,Entertainment,1320,Expense,Credit Card,Tuesday,2,Feb,2024,Q1,No
TXN0106,2024-02-28,Diagnostic Lab Test,Healthcare,900,Expense,UPI,Wednesday,2,Feb,2024,Q1,No
TXN0094,2024-02-28,Petrol Fill-up,Travel,2420,Expense,Credit Card,Wednesday,2,Feb,2024,Q1,No
TXN0086,2024-02-29,Ice Cream Parlour,Food & Dining,198,Expense,Cash,Thursday,2,Feb,2024,Q1,No
TXN0111,2024-03-01,Monthly Rent Payment,Rent,20000,Expense,Net Banking,Friday,3,Mar,2024,Q1,No
TXN0126,2024-03-01,Zomato Order,Food & Dining,350,Expense,UPI,Friday,3,Mar,2024,Q1,No
TXN0109,2024-03-01,Salary Credit - Employer,Income,95000,Income,Bank Transfer,Friday,3,Mar,2024,Q1,No
TXN0157,2024-03-01,Gym Membership,Healthcare,1500,Expense,UPI,Friday,3,Mar,2024,Q1,No
TXN0118,2024-03-03,Big Basket Order,Groceries,1200,Expense,UPI,Sunday,3,Mar,2024,Q1,Yes
TXN0127,2024-03-03,Swiggy Order,Food & Dining,450,Expense,UPI,Sunday,3,Mar,2024,Q1,Yes
TXN0112,2024-03-03,Electricity Bill,Utilities,1700,Expense,UPI,Sunday,3,Mar,2024,Q1,Yes
TXN0113,2024-03-04,Mobile Recharge - Jio,Utilities,299,Expense,UPI,Monday,3,Mar,2024,Q1,No
TXN0141,2024-03-04,Ola / Uber Cab,Travel,250,Expense,UPI,Monday,3,Mar,2024,Q1,No
TXN0154,2024-03-05,Amazon Order,Shopping,1200,Expense,Credit Card,Tuesday,3,Mar,2024,Q1,No
TXN0153,2024-03-05,Bowling-Sports,Entertainment,600,Expense,Cash,Tuesday,3,Mar,2024,Q1,No
TXN0128,2024-03-05,Restaurant Dinner,Food & Dining,800,Expense,Credit Card,Tuesday,3,Mar,2024,Q1,No
TXN0116,2024-03-05,Spotify Premium,Subscriptions,119,Expense,Credit Card,Tuesday,3,Mar,2024,Q1,No
TXN0114,2024-03-05,Internet Broadband,Utilities,999,Expense,Net Banking,Tuesday,3,Mar,2024,Q1,No
TXN0117,2024-03-05,YouTube Premium,Subscriptions,189,Expense,Credit Card,Tuesday,3,Mar,2024,Q1,No
TXN0115,2024-03-06,Gas Cylinder,Utilities,950,Expense,Cash,Wednesday,3,Mar,2024,Q1,No
TXN0149,2024-03-06,Movie Tickets - BookMyShow,Entertainment,500,Expense,UPI,Wednesday,3,Mar,2024,Q1,No
TXN0119,2024-03-07,DMart Shopping,Groceries,1500,Expense,Debit Card,Thursday,3,Mar,2024,Q1,No
TXN0129,2024-03-07,Cafe Coffee Day,Food & Dining,250,Expense,UPI,Thursday,3,Mar,2024,Q1,No
TXN0161,2024-03-08,Udemy Course,Education,499,Expense,Credit Card,Friday,3,Mar,2024,Q1,No
TXN0142,2024-03-08,Petrol Fill-up,Travel,2500,Expense,UPI,Friday,3,Mar,2024,Q1,No
TXN0130,2024-03-09,Office Canteen Lunch,Food & Dining,180,Expense,Cash,Saturday,3,Mar,2024,Q1,Yes
TXN0120,2024-03-10,Local Kirana Store,Groceries,400,Expense,Cash,Sunday,3,Mar,2024,Q1,Yes
TXN0131,2024-03-11,McDonald's,Food & Dining,320,Expense,UPI,Monday,3,Mar,2024,Q1,No
TXN0155,2024-03-11,Flipkart Order,Shopping,1500,Expense,Credit Card,Monday,3,Mar,2024,Q1,No
TXN0143,2024-03-12,Metro Card Recharge,Travel,500,Expense,UPI,Tuesday,3,Mar,2024,Q1,No
TXN0121,2024-03-13,Zepto Grocery,Groceries,600,Expense,UPI,Wednesday,3,Mar,2024,Q1,No
TXN0150,2024-03-13,OTT - Netflix,Entertainment,649,Expense,Credit Card,Wednesday,3,Mar,2024,Q1,No
TXN0132,2024-03-13,Starbucks Coffee,Food & Dining,450,Expense,Credit Card,Wednesday,3,Mar,2024,Q1,No
TXN0158,2024-03-15,Apollo Pharmacy,Healthcare,450,Expense,Cash,Friday,3,Mar,2024,Q1,No
TXN0110,2024-03-15,Freelance Project Payment,Income,15000,Income,Bank Transfer,Friday,3,Mar,2024,Q1,No
TXN0133,2024-03-15,Pizza Hut,Food & Dining,650,Expense,Credit Card,Friday,3,Mar,2024,Q1,No
TXN0144,2024-03-16,Ola / Uber Cab,Travel,300,Expense,Credit Card,Saturday,3,Mar,2024,Q1,Yes
TXN0122,2024-03-16,Swiggy Instamart,Groceries,350,Expense,UPI,Saturday,3,Mar,2024,Q1,Yes
TXN0134,2024-03-17,Street Food,Food & Dining,180,Expense,Cash,Sunday,3,Mar,2024,Q1,Yes
TXN0156,2024-03-17,Myntra Clothing,Shopping,1800,Expense,Credit Card,Sunday,3,Mar,2024,Q1,Yes
TXN0162,2024-03-18,Coursera Subscription,Education,1999,Expense,Credit Card,Monday,3,Mar,2024,Q1,No
TXN0123,2024-03-19,Big Basket Order,Groceries,900,Expense,Credit Card,Tuesday,3,Mar,2024,Q1,No
TXN0135,2024-03-19,Domino's Pizza,Food & Dining,550,Expense,UPI,Tuesday,3,Mar,2024,Q1,No
TXN0145,2024-03-19,Auto Rickshaw,Travel,100,Expense,Cash,Tuesday,3,Mar,2024,Q1,No
TXN0151,2024-03-20,Gaming Purchase,Entertainment,800,Expense,Credit Card,Wednesday,3,Mar,2024,Q1,No
TXN0146,2024-03-21,Rapido Bike Taxi,Travel,80,Expense,UPI,Thursday,3,Mar,2024,Q1,No
TXN0136,2024-03-21,Zomato Order,Food & Dining,400,Expense,Credit Card,Thursday,3,Mar,2024,Q1,No
TXN0159,2024-03-22,Doctor Consultation,Healthcare,600,Expense,UPI,Friday,3,Mar,2024,Q1,No
TXN0137,2024-03-23,Swiggy Order,Food & Dining,480,Expense,UPI,Saturday,3,Mar,2024,Q1,Yes
TXN0124,2024-03-23,Local Kirana Store,Groceries,300,Expense,Cash,Saturday,3,Mar,2024,Q1,Yes
TXN0138,2024-03-25,Restaurant Lunch,Food & Dining,600,Expense,UPI,Monday,3,Mar,2024,Q1,No
TXN0147,2024-03-25,Ola / Uber Cab,Travel,220,Expense,UPI,Monday,3,Mar,2024,Q1,No
TXN0125,2024-03-26,DMart Shopping,Groceries,1200,Expense,Debit Card,Tuesday,3,Mar,2024,Q1,No
TXN0152,2024-03-27,Concert Ticket,Entertainment,1200,Expense,Credit Card,Wednesday,3,Mar,2024,Q1,No
TXN0139,2024-03-27,Biryani House,Food & Dining,450,Expense,Cash,Wednesday,3,Mar,2024,Q1,No
TXN0148,2024-03-28,Petrol Fill-up,Travel,2200,Expense,Credit Card,Thursday,3,Mar,2024,Q1,No
TXN0160,2024-03-28,Diagnostic Lab Test,Healthcare,900,Expense,UPI,Thursday,3,Mar,2024,Q1,No
TXN0140,2024-03-29,Ice Cream Parlour,Food & Dining,180,Expense,Cash,Friday,3,Mar,2024,Q1,No
TXN0213,2024-04-01,Gym Membership,Healthcare,1500,Expense,UPI,Monday,4,Apr,2024,Q2,No
TXN0180,2024-04-01,Zomato Order,Food & Dining,420,Expense,UPI,Monday,4,Apr,2024,Q2,No
TXN0164,2024-04-01,Monthly Rent Payment,Rent,20000,Expense,Net Banking,Monday,4,Apr,2024,Q2,No
TXN0163,2024-04-01,Salary Credit - Employer,Income,95000,Income,Bank Transfer,Monday,4,Apr,2024,Q2,No
TXN0181,2024-04-03,Swiggy Order,Food & Dining,360,Expense,UPI,Wednesday,4,Apr,2024,Q2,No
TXN0172,2024-04-03,Big Basket Order,Groceries,1440,Expense,UPI,Wednesday,4,Apr,2024,Q2,No
TXN0165,2024-04-03,Electricity Bill,Utilities,2006,Expense,UPI,Wednesday,4,Apr,2024,Q2,No
TXN0166,2024-04-04,Mobile Recharge - Jio,Utilities,299,Expense,UPI,Thursday,4,Apr,2024,Q2,No
TXN0195,2024-04-04,Ola / Uber Cab,Travel,300,Expense,UPI,Thursday,4,Apr,2024,Q2,No
TXN0210,2024-04-05,Amazon Order,Shopping,1440,Expense,Credit Card,Friday,4,Apr,2024,Q2,No
TXN0209,2024-04-05,Bowling-Sports,Entertainment,720,Expense,Cash,Friday,4,Apr,2024,Q2,No
TXN0182,2024-04-05,Restaurant Dinner,Food & Dining,960,Expense,Credit Card,Friday,4,Apr,2024,Q2,No
TXN0169,2024-04-05,Spotify Premium,Subscriptions,119,Expense,Credit Card,Friday,4,Apr,2024,Q2,No
TXN0171,2024-04-05,LinkedIn Premium,Subscriptions,1600,Expense,Credit Card,Friday,4,Apr,2024,Q2,No
TXN0167,2024-04-05,Internet Broadband,Utilities,999,Expense,Net Banking,Friday,4,Apr,2024,Q2,No
TXN0170,2024-04-05,YouTube Premium,Subscriptions,189,Expense,Credit Card,Friday,4,Apr,2024,Q2,No
TXN0205,2024-04-06,Movie Tickets - BookMyShow,Entertainment,600,Expense,UPI,Saturday,4,Apr,2024,Q2,Yes
TXN0168,2024-04-06,Gas Cylinder,Utilities,950,Expense,Cash,Saturday,4,Apr,2024,Q2,Yes
TXN0183,2024-04-07,Cafe Coffee Day,Food & Dining,450,Expense,UPI,Sunday,4,Apr,2024,Q2,Yes
TXN0173,2024-04-07,DMart Shopping,Groceries,1800,Expense,Debit Card,Sunday,4,Apr,2024,Q2,Yes
TXN0196,2024-04-08,Petrol Fill-up,Travel,3000,Expense,UPI,Monday,4,Apr,2024,Q2,No
TXN0217,2024-04-08,Udemy Course,Education,499,Expense,Credit Card,Monday,4,Apr,2024,Q2,No
TXN0184,2024-04-09,Office Canteen Lunch,Food & Dining,144,Expense,Cash,Tuesday,4,Apr,2024,Q2,No
TXN0174,2024-04-10,Local Kirana Store,Groceries,480,Expense,Cash,Wednesday,4,Apr,2024,Q2,No
TXN0185,2024-04-11,McDonald's,Food & Dining,384,Expense,UPI,Thursday,4,Apr,2024,Q2,No
TXN0211,2024-04-11,Flipkart Order,Shopping,1800,Expense,Credit Card,Thursday,4,Apr,2024,Q2,No
TXN0197,2024-04-12,Metro Card Recharge,Travel,600,Expense,UPI,Friday,4,Apr,2024,Q2,No
TXN0206,2024-04-13,OTT - Netflix,Entertainment,779,Expense,Credit Card,Saturday,4,Apr,2024,Q2,Yes
TXN0175,2024-04-13,Zepto Grocery,Groceries,720,Expense,UPI,Saturday,4,Apr,2024,Q2,Yes
TXN0186,2024-04-13,Starbucks Coffee,Food & Dining,810,Expense,Credit Card,Saturday,4,Apr,2024,Q2,Yes
TXN0203,2024-04-15,Train Ticket - IRCTC,Travel,1440,Expense,Net Banking,Monday,4,Apr,2024,Q2,No
TXN0187,2024-04-15,Pizza Hut,Food & Dining,780,Expense,Credit Card,Monday,4,Apr,2024,Q2,No
TXN0214,2024-04-15,Apollo Pharmacy,Healthcare,450,Expense,Cash,Monday,4,Apr,2024,Q2,No
TXN0198,2024-04-16,Ola / Uber Cab,Travel,360,Expense,Credit Card,Tuesday,4,Apr,2024,Q2,No
TXN0176,2024-04-16,Swiggy Instamart,Groceries,420,Expense,UPI,Tuesday,4,Apr,2024,Q2,No
TXN0212,2024-04-17,Myntra Clothing,Shopping,2160,Expense,Credit Card,Wednesday,4,Apr,2024,Q2,No
TXN0188,2024-04-17,Street Food,Food & Dining,144,Expense,Cash,Wednesday,4,Apr,2024,Q2,No
TXN0218,2024-04-18,Coursera Subscription,Education,1999,Expense,Credit Card,Thursday,4,Apr,2024,Q2,No
TXN0177,2024-04-19,Big Basket Order,Groceries,1080,Expense,Credit Card,Friday,4,Apr,2024,Q2,No
TXN0199,2024-04-19,Auto Rickshaw,Travel,120,Expense,Cash,Friday,4,Apr,2024,Q2,No
TXN0189,2024-04-19,Domino's Pizza,Food & Dining,660,Expense,UPI,Friday,4,Apr,2024,Q2,No
TXN0207,2024-04-20,Gaming Purchase,Entertainment,960,Expense,Credit Card,Saturday,4,Apr,2024,Q2,Yes
TXN0204,2024-04-20,Hotel Stay,Travel,4200,Expense,Credit Card,Saturday,4,Apr,2024,Q2,Yes
TXN0200,2024-04-21,Rapido Bike Taxi,Travel,96,Expense,UPI,Sunday,4,Apr,2024,Q2,Yes
TXN0190,2024-04-21,Zomato Order,Food & Dining,720,Expense,Credit Card,Sunday,4,Apr,2024,Q2,Yes
TXN0215,2024-04-22,Doctor Consultation,Healthcare,600,Expense,UPI,Monday,4,Apr,2024,Q2,No
TXN0178,2024-04-23,Local Kirana Store,Groceries,360,Expense,Cash,Tuesday,4,Apr,2024,Q2,No
TXN0191,2024-04-23,Swiggy Order,Food & Dining,384,Expense,UPI,Tuesday,4,Apr,2024,Q2,No
TXN0192,2024-04-25,Restaurant Lunch,Food & Dining,720,Expense,UPI,Thursday,4,Apr,2024,Q2,No
TXN0201,2024-04-25,Ola / Uber Cab,Travel,264,Expense,UPI,Thursday,4,Apr,2024,Q2,No
TXN0179,2024-04-26,DMart Shopping,Groceries,1440,Expense,Debit Card,Friday,4,Apr,2024,Q2,No
TXN0193,2024-04-27,Biryani House,Food & Dining,810,Expense,Cash,Saturday,4,Apr,2024,Q2,Yes
TXN0208,2024-04-27,Concert Ticket,Entertainment,1440,Expense,Credit Card,Saturday,4,Apr,2024,Q2,Yes
TXN0202,2024-04-28,Petrol Fill-up,Travel,2640,Expense,Credit Card,Sunday,4,Apr,2024,Q2,Yes
TXN0216,2024-04-28,Diagnostic Lab Test,Healthcare,900,Expense,UPI,Sunday,4,Apr,2024,Q2,Yes
TXN0194,2024-04-29,Ice Cream Parlour,Food & Dining,216,Expense,Cash,Monday,4,Apr,2024,Q2,No
TXN0235,2024-05-01,Zomato Order,Food & Dining,385,Expense,UPI,Wednesday,5,May,2024,Q2,No
TXN0269,2024-05-01,Gym Membership,Healthcare,1500,Expense,UPI,Wednesday,5,May,2024,Q2,No
TXN0219,2024-05-01,Salary Credit - Employer,Income,95000,Income,Bank Transfer,Wednesday,5,May,2024,Q2,No
TXN0220,2024-05-01,Monthly Rent Payment,Rent,20000,Expense,Net Banking,Wednesday,5,May,2024,Q2,No
TXN0236,2024-05-03,Swiggy Order,Food & Dining,330,Expense,UPI,Friday,5,May,2024,Q2,No
TXN0227,2024-05-03,Big Basket Order,Groceries,1320,Expense,UPI,Friday,5,May,2024,Q2,No
TXN0221,2024-05-03,Electricity Bill,Utilities,1853,Expense,UPI,Friday,5,May,2024,Q2,No
TXN0222,2024-05-04,Mobile Recharge - Jio,Utilities,299,Expense,UPI,Saturday,5,May,2024,Q2,Yes
TXN0250,2024-05-04,Ola / Uber Cab,Travel,275,Expense,UPI,Saturday,5,May,2024,Q2,Yes
TXN0266,2024-05-05,Amazon Order,Shopping,1320,Expense,Credit Card,Sunday,5,May,2024,Q2,Yes
TXN0265,2024-05-05,Bowling-Sports,Entertainment,660,Expense,Cash,Sunday,5,May,2024,Q2,Yes
TXN0237,2024-05-05,Restaurant Dinner,Food & Dining,1320,Expense,Credit Card,Sunday,5,May,2024,Q2,Yes
TXN0225,2024-05-05,Spotify Premium,Subscriptions,119,Expense,Credit Card,Sunday,5,May,2024,Q2,Yes
TXN0223,2024-05-05,Internet Broadband,Utilities,999,Expense,Net Banking,Sunday,5,May,2024,Q2,Yes
TXN0226,2024-05-05,YouTube Premium,Subscriptions,189,Expense,Credit Card,Sunday,5,May,2024,Q2,Yes
TXN0224,2024-05-06,Gas Cylinder,Utilities,950,Expense,Cash,Monday,5,May,2024,Q2,No
TXN0261,2024-05-06,Movie Tickets - BookMyShow,Entertainment,550,Expense,UPI,Monday,5,May,2024,Q2,No
TXN0238,2024-05-07,Cafe Coffee Day,Food & Dining,275,Expense,UPI,Tuesday,5,May,2024,Q2,No
TXN0228,2024-05-07,DMart Shopping,Groceries,1650,Expense,Debit Card,Tuesday,5,May,2024,Q2,No
TXN0251,2024-05-08,Petrol Fill-up,Travel,2750,Expense,UPI,Wednesday,5,May,2024,Q2,No
TXN0273,2024-05-08,Udemy Course,Education,499,Expense,Credit Card,Wednesday,5,May,2024,Q2,No
TXN0239,2024-05-09,Office Canteen Lunch,Food & Dining,132,Expense,Cash,Thursday,5,May,2024,Q2,No
TXN0229,2024-05-10,Local Kirana Store,Groceries,440,Expense,Cash,Friday,5,May,2024,Q2,No
TXN0267,2024-05-11,Flipkart Order,Shopping,1650,Expense,Credit Card,Saturday,5,May,2024,Q2,Yes
TXN0240,2024-05-11,McDonald's,Food & Dining,528,Expense,UPI,Saturday,5,May,2024,Q2,Yes
TXN0252,2024-05-12,Metro Card Recharge,Travel,550,Expense,UPI,Sunday,5,May,2024,Q2,Yes
TXN0241,2024-05-13,Starbucks Coffee,Food & Dining,495,Expense,Credit Card,Monday,5,May,2024,Q2,No
TXN0262,2024-05-13,OTT - Netflix,Entertainment,714,Expense,Credit Card,Monday,5,May,2024,Q2,No
TXN0230,2024-05-13,Zepto Grocery,Groceries,660,Expense,UPI,Monday,5,May,2024,Q2,No
TXN0242,2024-05-15,Pizza Hut,Food & Dining,715,Expense,Credit Card,Wednesday,5,May,2024,Q2,No
TXN0270,2024-05-15,Apollo Pharmacy,Healthcare,450,Expense,Cash,Wednesday,5,May,2024,Q2,No
TXN0258,2024-05-15,Train Ticket - IRCTC,Travel,1320,Expense,Net Banking,Wednesday,5,May,2024,Q2,No
TXN0253,2024-05-16,Ola / Uber Cab,Travel,330,Expense,Credit Card,Thursday,5,May,2024,Q2,No
TXN0231,2024-05-16,Swiggy Instamart,Groceries,385,Expense,UPI,Thursday,5,May,2024,Q2,No
TXN0268,2024-05-17,Myntra Clothing,Shopping,1980,Expense,Credit Card,Friday,5,May,2024,Q2,No
TXN0243,2024-05-17,Street Food,Food & Dining,132,Expense,Cash,Friday,5,May,2024,Q2,No
TXN0274,2024-05-18,Coursera Subscription,Education,1999,Expense,Credit Card,Saturday,5,May,2024,Q2,Yes
TXN0232,2024-05-19,Big Basket Order,Groceries,990,Expense,Credit Card,Sunday,5,May,2024,Q2,Yes
TXN0244,2024-05-19,Domino's Pizza,Food & Dining,908,Expense,UPI,Sunday,5,May,2024,Q2,Yes
TXN0254,2024-05-19,Auto Rickshaw,Travel,110,Expense,Cash,Sunday,5,May,2024,Q2,Yes
TXN0259,2024-05-20,Hotel Stay,Travel,3850,Expense,Credit Card,Monday,5,May,2024,Q2,No
TXN0263,2024-05-20,Gaming Purchase,Entertainment,880,Expense,Credit Card,Monday,5,May,2024,Q2,No
TXN0255,2024-05-21,Rapido Bike Taxi,Travel,88,Expense,UPI,Tuesday,5,May,2024,Q2,No
TXN0245,2024-05-21,Zomato Order,Food & Dining,440,Expense,Credit Card,Tuesday,5,May,2024,Q2,No
TXN0271,2024-05-22,Doctor Consultation,Healthcare,600,Expense,UPI,Wednesday,5,May,2024,Q2,No
TXN0260,2024-05-22,Flight Ticket,Travel,7150,Expense,Credit Card,Wednesday,5,May,2024,Q2,No
TXN0246,2024-05-23,Swiggy Order,Food & Dining,352,Expense,UPI,Thursday,5,May,2024,Q2,No
TXN0233,2024-05-23,Local Kirana Store,Groceries,330,Expense,Cash,Thursday,5,May,2024,Q2,No
TXN0256,2024-05-25,Ola / Uber Cab,Travel,242,Expense,UPI,Saturday,5,May,2024,Q2,Yes
TXN0247,2024-05-25,Restaurant Lunch,Food & Dining,990,Expense,UPI,Saturday,5,May,2024,Q2,Yes
TXN0234,2024-05-26,DMart Shopping,Groceries,1320,Expense,Debit Card,Sunday,5,May,2024,Q2,Yes
TXN0248,2024-05-27,Biryani House,Food & Dining,495,Expense,Cash,Monday,5,May,2024,Q2,No
TXN0264,2024-05-27,Concert Ticket,Entertainment,1320,Expense,Credit Card,Monday,5,May,2024,Q2,No
TXN0257,2024-05-28,Petrol Fill-up,Travel,2420,Expense,Credit Card,Tuesday,5,May,2024,Q2,No
TXN0272,2024-05-28,Diagnostic Lab Test,Healthcare,900,Expense,UPI,Tuesday,5,May,2024,Q2,No
TXN0249,2024-05-29,Ice Cream Parlour,Food & Dining,198,Expense,Cash,Wednesday,5,May,2024,Q2,No
TXN0293,2024-06-01,Zomato Order,Food & Dining,525,Expense,UPI,Saturday,6,Jun,2024,Q2,Yes
TXN0324,2024-06-01,Gym Membership,Healthcare,1500,Expense,UPI,Saturday,6,Jun,2024,Q2,Yes
TXN0277,2024-06-01,Monthly Rent Payment,Rent,20000,Expense,Net Banking,Saturday,6,Jun,2024,Q2,Yes
TXN0275,2024-06-01,Salary Credit - Employer,Income,95000,Income,Bank Transfer,Saturday,6,Jun,2024,Q2,Yes
TXN0285,2024-06-03,Big Basket Order,Groceries,1200,Expense,UPI,Monday,6,Jun,2024,Q2,No
TXN0278,2024-06-03,Electricity Bill,Utilities,1700,Expense,UPI,Monday,6,Jun,2024,Q2,No
TXN0294,2024-06-03,Swiggy Order,Food & Dining,300,Expense,UPI,Monday,6,Jun,2024,Q2,No
TXN0308,2024-06-04,Ola / Uber Cab,Travel,250,Expense,UPI,Tuesday,6,Jun,2024,Q2,No
TXN0279,2024-06-04,Mobile Recharge - Jio,Utilities,299,Expense,UPI,Tuesday,6,Jun,2024,Q2,No
TXN0280,2024-06-05,Internet Broadband,Utilities,999,Expense,Net Banking,Wednesday,6,Jun,2024,Q2,No
TXN0295,2024-06-05,Restaurant Dinner,Food & Dining,800,Expense,Credit Card,Wednesday,6,Jun,2024,Q2,No
TXN0284,2024-06-05,LinkedIn Premium,Subscriptions,1600,Expense,Credit Card,Wednesday,6,Jun,2024,Q2,No
TXN0282,2024-06-05,Spotify Premium,Subscriptions,119,Expense,Credit Card,Wednesday,6,Jun,2024,Q2,No
TXN0283,2024-06-05,YouTube Premium,Subscriptions,189,Expense,Credit Card,Wednesday,6,Jun,2024,Q2,No
TXN0321,2024-06-05,Amazon Order,Shopping,1200,Expense,Credit Card,Wednesday,6,Jun,2024,Q2,No
TXN0320,2024-06-05,Bowling-Sports,Entertainment,600,Expense,Cash,Wednesday,6,Jun,2024,Q2,No
TXN0316,2024-06-06,Movie Tickets - BookMyShow,Entertainment,500,Expense,UPI,Thursday,6,Jun,2024,Q2,No
TXN0281,2024-06-06,Gas Cylinder,Utilities,950,Expense,Cash,Thursday,6,Jun,2024,Q2,No
TXN0286,2024-06-07,DMart Shopping,Groceries,1500,Expense,Debit Card,Friday,6,Jun,2024,Q2,No
TXN0296,2024-06-07,Cafe Coffee Day,Food & Dining,250,Expense,UPI,Friday,6,Jun,2024,Q2,No
TXN0309,2024-06-08,Petrol Fill-up,Travel,2500,Expense,UPI,Saturday,6,Jun,2024,Q2,Yes
TXN0328,2024-06-08,Udemy Course,Education,499,Expense,Credit Card,Saturday,6,Jun,2024,Q2,Yes
TXN0297,2024-06-09,Office Canteen Lunch,Food & Dining,180,Expense,Cash,Sunday,6,Jun,2024,Q2,Yes
TXN0287,2024-06-10,Local Kirana Store,Groceries,400,Expense,Cash,Monday,6,Jun,2024,Q2,No
TXN0322,2024-06-11,Flipkart Order,Shopping,1500,Expense,Credit Card,Tuesday,6,Jun,2024,Q2,No
TXN0298,2024-06-11,McDonald's,Food & Dining,320,Expense,UPI,Tuesday,6,Jun,2024,Q2,No
TXN0310,2024-06-12,Metro Card Recharge,Travel,500,Expense,UPI,Wednesday,6,Jun,2024,Q2,No
TXN0317,2024-06-13,OTT - Netflix,Entertainment,649,Expense,Credit Card,Thursday,6,Jun,2024,Q2,No
TXN0299,2024-06-13,Starbucks Coffee,Food & Dining,450,Expense,Credit Card,Thursday,6,Jun,2024,Q2,No
TXN0288,2024-06-13,Zepto Grocery,Groceries,600,Expense,UPI,Thursday,6,Jun,2024,Q2,No
TXN0325,2024-06-15,Apollo Pharmacy,Healthcare,450,Expense,Cash,Saturday,6,Jun,2024,Q2,Yes
TXN0276,2024-06-15,Freelance Project Payment,Income,22000,Income,Bank Transfer,Saturday,6,Jun,2024,Q2,Yes
TXN0300,2024-06-15,Pizza Hut,Food & Dining,975,Expense,Credit Card,Saturday,6,Jun,2024,Q2,Yes
TXN0311,2024-06-16,Ola / Uber Cab,Travel,300,Expense,Credit Card,Sunday,6,Jun,2024,Q2,Yes
TXN0289,2024-06-16,Swiggy Instamart,Groceries,350,Expense,UPI,Sunday,6,Jun,2024,Q2,Yes
TXN0301,2024-06-17,Street Food,Food & Dining,120,Expense,Cash,Monday,6,Jun,2024,Q2,No
TXN0323,2024-06-17,Myntra Clothing,Shopping,1800,Expense,Credit Card,Monday,6,Jun,2024,Q2,No
TXN0329,2024-06-18,Coursera Subscription,Education,1999,Expense,Credit Card,Tuesday,6,Jun,2024,Q2,No
TXN0290,2024-06-19,Big Basket Order,Groceries,900,Expense,Credit Card,Wednesday,6,Jun,2024,Q2,No
TXN0312,2024-06-19,Auto Rickshaw,Travel,100,Expense,Cash,Wednesday,6,Jun,2024,Q2,No
TXN0302,2024-06-19,Domino's Pizza,Food & Dining,550,Expense,UPI,Wednesday,6,Jun,2024,Q2,No
TXN0318,2024-06-20,Gaming Purchase,Entertainment,800,Expense,Credit Card,Thursday,6,Jun,2024,Q2,No
TXN0303,2024-06-21,Zomato Order,Food & Dining,400,Expense,Credit Card,Friday,6,Jun,2024,Q2,No
TXN0313,2024-06-21,Rapido Bike Taxi,Travel,80,Expense,UPI,Friday,6,Jun,2024,Q2,No
TXN0326,2024-06-22,Doctor Consultation,Healthcare,600,Expense,UPI,Saturday,6,Jun,2024,Q2,Yes
TXN0304,2024-06-23,Swiggy Order,Food & Dining,480,Expense,UPI,Sunday,6,Jun,2024,Q2,Yes
TXN0291,2024-06-23,Local Kirana Store,Groceries,300,Expense,Cash,Sunday,6,Jun,2024,Q2,Yes
TXN0314,2024-06-25,Ola / Uber Cab,Travel,220,Expense,UPI,Tuesday,6,Jun,2024,Q2,No
TXN0305,2024-06-25,Restaurant Lunch,Food & Dining,600,Expense,UPI,Tuesday,6,Jun,2024,Q2,No
TXN0292,2024-06-26,DMart Shopping,Groceries,1200,Expense,Debit Card,Wednesday,6,Jun,2024,Q2,No
TXN0319,2024-06-27,Concert Ticket,Entertainment,1200,Expense,Credit Card,Thursday,6,Jun,2024,Q2,No
TXN0306,2024-06-27,Biryani House,Food & Dining,450,Expense,Cash,Thursday,6,Jun,2024,Q2,No
TXN0315,2024-06-28,Petrol Fill-up,Travel,2200,Expense,Credit Card,Friday,6,Jun,2024,Q2,No
TXN0327,2024-06-28,Diagnostic Lab Test,Healthcare,900,Expense,UPI,Friday,6,Jun,2024,Q2,No
TXN0307,2024-06-29,Ice Cream Parlour,Food & Dining,270,Expense,Cash,Saturday,6,Jun,2024,Q2,Yes
TXN0377,2024-07-01,Gym Membership,Healthcare,1500,Expense,UPI,Monday,7,Jul,2024,Q3,No
TXN0346,2024-07-01,Zomato Order,Food & Dining,350,Expense,UPI,Monday,7,Jul,2024,Q3,No
TXN0331,2024-07-01,Monthly Rent Payment,Rent,20000,Expense,Net Banking,Monday,7,Jul,2024,Q3,No
TXN0330,2024-07-01,Salary Credit - Employer,Income,95000,Income,Bank Transfer,Monday,7,Jul,2024,Q3,No
TXN0347,2024-07-03,Swiggy Order,Food & Dining,300,Expense,UPI,Wednesday,7,Jul,2024,Q3,No
TXN0332,2024-07-03,Electricity Bill,Utilities,1700,Expense,UPI,Wednesday,7,Jul,2024,Q3,No
TXN0338,2024-07-03,Big Basket Order,Groceries,1200,Expense,UPI,Wednesday,7,Jul,2024,Q3,No
TXN0361,2024-07-04,Ola / Uber Cab,Travel,250,Expense,UPI,Thursday,7,Jul,2024,Q3,No
TXN0333,2024-07-04,Mobile Recharge - Jio,Utilities,299,Expense,UPI,Thursday,7,Jul,2024,Q3,No
TXN0348,2024-07-05,Restaurant Dinner,Food & Dining,800,Expense,Credit Card,Friday,7,Jul,2024,Q3,No
TXN0336,2024-07-05,Spotify Premium,Subscriptions,119,Expense,Credit Card,Friday,7,Jul,2024,Q3,No
TXN0334,2024-07-05,Internet Broadband,Utilities,999,Expense,Net Banking,Friday,7,Jul,2024,Q3,No
TXN0374,2024-07-05,Amazon Order,Shopping,1200,Expense,Credit Card,Friday,7,Jul,2024,Q3,No
TXN0373,2024-07-05,Bowling-Sports,Entertainment,600,Expense,Cash,Friday,7,Jul,2024,Q3,No
TXN0337,2024-07-05,YouTube Premium,Subscriptions,189,Expense,Credit Card,Friday,7,Jul,2024,Q3,No
TXN0335,2024-07-06,Gas Cylinder,Utilities,950,Expense,Cash,Saturday,7,Jul,2024,Q3,Yes
TXN0369,2024-07-06,Movie Tickets - BookMyShow,Entertainment,500,Expense,UPI,Saturday,7,Jul,2024,Q3,Yes
TXN0339,2024-07-07,DMart Shopping,Groceries,1500,Expense,Debit Card,Sunday,7,Jul,2024,Q3,Yes
TXN0349,2024-07-07,Cafe Coffee Day,Food & Dining,375,Expense,UPI,Sunday,7,Jul,2024,Q3,Yes
TXN0362,2024-07-08,Petrol Fill-up,Travel,2500,Expense,UPI,Monday,7,Jul,2024,Q3,No
TXN0381,2024-07-08,Udemy Course,Education,499,Expense,Credit Card,Monday,7,Jul,2024,Q3,No
TXN0350,2024-07-09,Office Canteen Lunch,Food & Dining,120,Expense,Cash,Tuesday,7,Jul,2024,Q3,No
TXN0340,2024-07-10,Local Kirana Store,Groceries,400,Expense,Cash,Wednesday,7,Jul,2024,Q3,No
TXN0375,2024-07-11,Flipkart Order,Shopping,1500,Expense,Credit Card,Thursday,7,Jul,2024,Q3,No
TXN0351,2024-07-11,McDonald's,Food & Dining,320,Expense,UPI,Thursday,7,Jul,2024,Q3,No
TXN0363,2024-07-12,Metro Card Recharge,Travel,500,Expense,UPI,Friday,7,Jul,2024,Q3,No
TXN0341,2024-07-13,Zepto Grocery,Groceries,600,Expense,UPI,Saturday,7,Jul,2024,Q3,Yes
TXN0370,2024-07-13,OTT - Netflix,Entertainment,649,Expense,Credit Card,Saturday,7,Jul,2024,Q3,Yes
TXN0352,2024-07-13,Starbucks Coffee,Food & Dining,675,Expense,Credit Card,Saturday,7,Jul,2024,Q3,Yes
TXN0353,2024-07-15,Pizza Hut,Food & Dining,650,Expense,Credit Card,Monday,7,Jul,2024,Q3,No
TXN0378,2024-07-15,Apollo Pharmacy,Healthcare,450,Expense,Cash,Monday,7,Jul,2024,Q3,No
TXN0342,2024-07-16,Swiggy Instamart,Groceries,350,Expense,UPI,Tuesday,7,Jul,2024,Q3,No
TXN0364,2024-07-16,Ola / Uber Cab,Travel,300,Expense,Credit Card,Tuesday,7,Jul,2024,Q3,No
TXN0354,2024-07-17,Street Food,Food & Dining,120,Expense,Cash,Wednesday,7,Jul,2024,Q3,No
TXN0376,2024-07-17,Myntra Clothing,Shopping,1800,Expense,Credit Card,Wednesday,7,Jul,2024,Q3,No
TXN0382,2024-07-18,Coursera Subscription,Education,1999,Expense,Credit Card,Thursday,7,Jul,2024,Q3,No
TXN0343,2024-07-19,Big Basket Order,Groceries,900,Expense,Credit Card,Friday,7,Jul,2024,Q3,No
TXN0355,2024-07-19,Domino's Pizza,Food & Dining,550,Expense,UPI,Friday,7,Jul,2024,Q3,No
TXN0365,2024-07-19,Auto Rickshaw,Travel,100,Expense,Cash,Friday,7,Jul,2024,Q3,No
TXN0371,2024-07-20,Gaming Purchase,Entertainment,800,Expense,Credit Card,Saturday,7,Jul,2024,Q3,Yes
TXN0356,2024-07-21,Zomato Order,Food & Dining,600,Expense,Credit Card,Sunday,7,Jul,2024,Q3,Yes
TXN0366,2024-07-21,Rapido Bike Taxi,Travel,80,Expense,UPI,Sunday,7,Jul,2024,Q3,Yes
TXN0379,2024-07-22,Doctor Consultation,Healthcare,600,Expense,UPI,Monday,7,Jul,2024,Q3,No
TXN0344,2024-07-23,Local Kirana Store,Groceries,300,Expense,Cash,Tuesday,7,Jul,2024,Q3,No
TXN0357,2024-07-23,Swiggy Order,Food & Dining,320,Expense,UPI,Tuesday,7,Jul,2024,Q3,No
TXN0358,2024-07-25,Restaurant Lunch,Food & Dining,600,Expense,UPI,Thursday,7,Jul,2024,Q3,No
TXN0383,2024-07-25,Programming Books,Education,799,Expense,UPI,Thursday,7,Jul,2024,Q3,No
TXN0367,2024-07-25,Ola / Uber Cab,Travel,220,Expense,UPI,Thursday,7,Jul,2024,Q3,No
TXN0345,2024-07-26,DMart Shopping,Groceries,1200,Expense,Debit Card,Friday,7,Jul,2024,Q3,No
TXN0372,2024-07-27,Concert Ticket,Entertainment,1200,Expense,Credit Card,Saturday,7,Jul,2024,Q3,Yes
TXN0359,2024-07-27,Biryani House,Food & Dining,675,Expense,Cash,Saturday,7,Jul,2024,Q3,Yes
TXN0368,2024-07-28,Petrol Fill-up,Travel,2200,Expense,Credit Card,Sunday,7,Jul,2024,Q3,Yes
TXN0380,2024-07-28,Diagnostic Lab Test,Healthcare,900,Expense,UPI,Sunday,7,Jul,2024,Q3,Yes
TXN0360,2024-07-29,Ice Cream Parlour,Food & Dining,180,Expense,Cash,Monday,7,Jul,2024,Q3,No
TXN0402,2024-08-01,Zomato Order,Food & Dining,385,Expense,UPI,Thursday,8,Aug,2024,Q3,No
TXN0433,2024-08-01,Gym Membership,Healthcare,1500,Expense,UPI,Thursday,8,Aug,2024,Q3,No
TXN0386,2024-08-01,Monthly Rent Payment,Rent,20000,Expense,Net Banking,Thursday,8,Aug,2024,Q3,No
TXN0384,2024-08-01,Salary Credit - Employer,Income,95000,Income,Bank Transfer,Thursday,8,Aug,2024,Q3,No
TXN0387,2024-08-03,Electricity Bill,Utilities,1853,Expense,UPI,Saturday,8,Aug,2024,Q3,Yes
TXN0403,2024-08-03,Swiggy Order,Food & Dining,495,Expense,UPI,Saturday,8,Aug,2024,Q3,Yes
TXN0394,2024-08-03,Big Basket Order,Groceries,1320,Expense,UPI,Saturday,8,Aug,2024,Q3,Yes
TXN0388,2024-08-04,Mobile Recharge - Jio,Utilities,299,Expense,UPI,Sunday,8,Aug,2024,Q3,Yes
TXN0417,2024-08-04,Ola / Uber Cab,Travel,275,Expense,UPI,Sunday,8,Aug,2024,Q3,Yes
TXN0430,2024-08-05,Amazon Order,Shopping,1320,Expense,Credit Card,Monday,8,Aug,2024,Q3,No
TXN0404,2024-08-05,Restaurant Dinner,Food & Dining,880,Expense,Credit Card,Monday,8,Aug,2024,Q3,No
TXN0429,2024-08-05,Bowling-Sports,Entertainment,660,Expense,Cash,Monday,8,Aug,2024,Q3,No
TXN0391,2024-08-05,Spotify Premium,Subscriptions,119,Expense,Credit Card,Monday,8,Aug,2024,Q3,No
TXN0392,2024-08-05,YouTube Premium,Subscriptions,189,Expense,Credit Card,Monday,8,Aug,2024,Q3,No
TXN0389,2024-08-05,Internet Broadband,Utilities,999,Expense,Net Banking,Monday,8,Aug,2024,Q3,No
TXN0393,2024-08-05,LinkedIn Premium,Subscriptions,1600,Expense,Credit Card,Monday,8,Aug,2024,Q3,No
TXN0390,2024-08-06,Gas Cylinder,Utilities,950,Expense,Cash,Tuesday,8,Aug,2024,Q3,No
TXN0425,2024-08-06,Movie Tickets - BookMyShow,Entertainment,550,Expense,UPI,Tuesday,8,Aug,2024,Q3,No
TXN0405,2024-08-07,Cafe Coffee Day,Food & Dining,275,Expense,UPI,Wednesday,8,Aug,2024,Q3,No
TXN0395,2024-08-07,DMart Shopping,Groceries,1650,Expense,Debit Card,Wednesday,8,Aug,2024,Q3,No
TXN0418,2024-08-08,Petrol Fill-up,Travel,2750,Expense,UPI,Thursday,8,Aug,2024,Q3,No
TXN0437,2024-08-08,Udemy Course,Education,499,Expense,Credit Card,Thursday,8,Aug,2024,Q3,No
TXN0406,2024-08-09,Office Canteen Lunch,Food & Dining,132,Expense,Cash,Friday,8,Aug,2024,Q3,No
TXN0396,2024-08-10,Local Kirana Store,Groceries,440,Expense,Cash,Saturday,8,Aug,2024,Q3,Yes
TXN0431,2024-08-11,Flipkart Order,Shopping,1650,Expense,Credit Card,Sunday,8,Aug,2024,Q3,Yes
TXN0407,2024-08-11,McDonald's,Food & Dining,528,Expense,UPI,Sunday,8,Aug,2024,Q3,Yes
TXN0419,2024-08-12,Metro Card Recharge,Travel,550,Expense,UPI,Monday,8,Aug,2024,Q3,No
TXN0426,2024-08-13,OTT - Netflix,Entertainment,714,Expense,Credit Card,Tuesday,8,Aug,2024,Q3,No
TXN0397,2024-08-13,Zepto Grocery,Groceries,660,Expense,UPI,Tuesday,8,Aug,2024,Q3,No
TXN0408,2024-08-13,Starbucks Coffee,Food & Dining,495,Expense,Credit Card,Tuesday,8,Aug,2024,Q3,No
TXN0385,2024-08-15,Freelance Project Payment,Income,18000,Income,Bank Transfer,Thursday,8,Aug,2024,Q3,No
TXN0434,2024-08-15,Apollo Pharmacy,Healthcare,450,Expense,Cash,Thursday,8,Aug,2024,Q3,No
TXN0409,2024-08-15,Pizza Hut,Food & Dining,715,Expense,Credit Card,Thursday,8,Aug,2024,Q3,No
TXN0420,2024-08-16,Ola / Uber Cab,Travel,330,Expense,Credit Card,Friday,8,Aug,2024,Q3,No
TXN0398,2024-08-16,Swiggy Instamart,Groceries,385,Expense,UPI,Friday,8,Aug,2024,Q3,No
TXN0432,2024-08-17,Myntra Clothing,Shopping,1980,Expense,Credit Card,Saturday,8,Aug,2024,Q3,Yes
TXN0410,2024-08-17,Street Food,Food & Dining,198,Expense,Cash,Saturday,8,Aug,2024,Q3,Yes
TXN0438,2024-08-18,Coursera Subscription,Education,1999,Expense,Credit Card,Sunday,8,Aug,2024,Q3,Yes
TXN0411,2024-08-19,Domino's Pizza,Food & Dining,605,Expense,UPI,Monday,8,Aug,2024,Q3,No
TXN0399,2024-08-19,Big Basket Order,Groceries,990,Expense,Credit Card,Monday,8,Aug,2024,Q3,No
TXN0421,2024-08-19,Auto Rickshaw,Travel,110,Expense,Cash,Monday,8,Aug,2024,Q3,No
TXN0427,2024-08-20,Gaming Purchase,Entertainment,880,Expense,Credit Card,Tuesday,8,Aug,2024,Q3,No
TXN0422,2024-08-21,Rapido Bike Taxi,Travel,88,Expense,UPI,Wednesday,8,Aug,2024,Q3,No
TXN0412,2024-08-21,Zomato Order,Food & Dining,440,Expense,Credit Card,Wednesday,8,Aug,2024,Q3,No
TXN0435,2024-08-22,Doctor Consultation,Healthcare,600,Expense,UPI,Thursday,8,Aug,2024,Q3,No
TXN0400,2024-08-23,Local Kirana Store,Groceries,330,Expense,Cash,Friday,8,Aug,2024,Q3,No
TXN0413,2024-08-23,Swiggy Order,Food & Dining,352,Expense,UPI,Friday,8,Aug,2024,Q3,No
TXN0414,2024-08-25,Restaurant Lunch,Food & Dining,990,Expense,UPI,Sunday,8,Aug,2024,Q3,Yes
TXN0423,2024-08-25,Ola / Uber Cab,Travel,242,Expense,UPI,Sunday,8,Aug,2024,Q3,Yes
TXN0401,2024-08-26,DMart Shopping,Groceries,1320,Expense,Debit Card,Monday,8,Aug,2024,Q3,No
TXN0428,2024-08-27,Concert Ticket,Entertainment,1320,Expense,Credit Card,Tuesday,8,Aug,2024,Q3,No
TXN0415,2024-08-27,Biryani House,Food & Dining,495,Expense,Cash,Tuesday,8,Aug,2024,Q3,No
TXN0436,2024-08-28,Diagnostic Lab Test,Healthcare,900,Expense,UPI,Wednesday,8,Aug,2024,Q3,No
TXN0424,2024-08-28,Petrol Fill-up,Travel,2420,Expense,Credit Card,Wednesday,8,Aug,2024,Q3,No
TXN0416,2024-08-29,Ice Cream Parlour,Food & Dining,198,Expense,Cash,Thursday,8,Aug,2024,Q3,No
TXN0486,2024-09-01,Gym Membership,Healthcare,1500,Expense,UPI,Sunday,9,Sep,2024,Q3,Yes
TXN0455,2024-09-01,Zomato Order,Food & Dining,525,Expense,UPI,Sunday,9,Sep,2024,Q3,Yes
TXN0440,2024-09-01,Monthly Rent Payment,Rent,20000,Expense,Net Banking,Sunday,9,Sep,2024,Q3,Yes
TXN0439,2024-09-01,Salary Credit - Employer,Income,95000,Income,Bank Transfer,Sunday,9,Sep,2024,Q3,Yes
TXN0447,2024-09-03,Big Basket Order,Groceries,1200,Expense,UPI,Tuesday,9,Sep,2024,Q3,No
TXN0456,2024-09-03,Swiggy Order,Food & Dining,300,Expense,UPI,Tuesday,9,Sep,2024,Q3,No
TXN0441,2024-09-03,Electricity Bill,Utilities,1700,Expense,UPI,Tuesday,9,Sep,2024,Q3,No
TXN0442,2024-09-04,Mobile Recharge - Jio,Utilities,299,Expense,UPI,Wednesday,9,Sep,2024,Q3,No
TXN0470,2024-09-04,Ola / Uber Cab,Travel,250,Expense,UPI,Wednesday,9,Sep,2024,Q3,No
TXN0457,2024-09-05,Restaurant Dinner,Food & Dining,800,Expense,Credit Card,Thursday,9,Sep,2024,Q3,No
TXN0443,2024-09-05,Internet Broadband,Utilities,999,Expense,Net Banking,Thursday,9,Sep,2024,Q3,No
TXN0482,2024-09-05,Bowling-Sports,Entertainment,600,Expense,Cash,Thursday,9,Sep,2024,Q3,No
TXN0483,2024-09-05,Amazon Order,Shopping,1200,Expense,Credit Card,Thursday,9,Sep,2024,Q3,No
TXN0446,2024-09-05,YouTube Premium,Subscriptions,189,Expense,Credit Card,Thursday,9,Sep,2024,Q3,No
TXN0445,2024-09-05,Spotify Premium,Subscriptions,119,Expense,Credit Card,Thursday,9,Sep,2024,Q3,No
TXN0444,2024-09-06,Gas Cylinder,Utilities,950,Expense,Cash,Friday,9,Sep,2024,Q3,No
TXN0478,2024-09-06,Movie Tickets - BookMyShow,Entertainment,500,Expense,UPI,Friday,9,Sep,2024,Q3,No
TXN0458,2024-09-07,Cafe Coffee Day,Food & Dining,375,Expense,UPI,Saturday,9,Sep,2024,Q3,Yes
TXN0448,2024-09-07,DMart Shopping,Groceries,1500,Expense,Debit Card,Saturday,9,Sep,2024,Q3,Yes
TXN0490,2024-09-08,Udemy Course,Education,499,Expense,Credit Card,Sunday,9,Sep,2024,Q3,Yes
TXN0471,2024-09-08,Petrol Fill-up,Travel,2500,Expense,UPI,Sunday,9,Sep,2024,Q3,Yes
TXN0459,2024-09-09,Office Canteen Lunch,Food & Dining,120,Expense,Cash,Monday,9,Sep,2024,Q3,No
TXN0449,2024-09-10,Local Kirana Store,Groceries,400,Expense,Cash,Tuesday,9,Sep,2024,Q3,No
TXN0484,2024-09-11,Flipkart Order,Shopping,1500,Expense,Credit Card,Wednesday,9,Sep,2024,Q3,No
TXN0460,2024-09-11,McDonald's,Food & Dining,320,Expense,UPI,Wednesday,9,Sep,2024,Q3,No
TXN0472,2024-09-12,Metro Card Recharge,Travel,500,Expense,UPI,Thursday,9,Sep,2024,Q3,No
TXN0479,2024-09-13,OTT - Netflix,Entertainment,649,Expense,Credit Card,Friday,9,Sep,2024,Q3,No
TXN0450,2024-09-13,Zepto Grocery,Groceries,600,Expense,UPI,Friday,9,Sep,2024,Q3,No
TXN0461,2024-09-13,Starbucks Coffee,Food & Dining,450,Expense,Credit Card,Friday,9,Sep,2024,Q3,No
TXN0487,2024-09-15,Apollo Pharmacy,Healthcare,450,Expense,Cash,Sunday,9,Sep,2024,Q3,Yes
TXN0462,2024-09-15,Pizza Hut,Food & Dining,975,Expense,Credit Card,Sunday,9,Sep,2024,Q3,Yes
TXN0473,2024-09-16,Ola / Uber Cab,Travel,300,Expense,Credit Card,Monday,9,Sep,2024,Q3,No
TXN0451,2024-09-16,Swiggy Instamart,Groceries,350,Expense,UPI,Monday,9,Sep,2024,Q3,No
TXN0463,2024-09-17,Street Food,Food & Dining,120,Expense,Cash,Tuesday,9,Sep,2024,Q3,No
TXN0485,2024-09-17,Myntra Clothing,Shopping,1800,Expense,Credit Card,Tuesday,9,Sep,2024,Q3,No
TXN0491,2024-09-18,Coursera Subscription,Education,1999,Expense,Credit Card,Wednesday,9,Sep,2024,Q3,No
TXN0474,2024-09-19,Auto Rickshaw,Travel,100,Expense,Cash,Thursday,9,Sep,2024,Q3,No
TXN0452,2024-09-19,Big Basket Order,Groceries,900,Expense,Credit Card,Thursday,9,Sep,2024,Q3,No
TXN0464,2024-09-19,Domino's Pizza,Food & Dining,550,Expense,UPI,Thursday,9,Sep,2024,Q3,No
TXN0480,2024-09-20,Gaming Purchase,Entertainment,800,Expense,Credit Card,Friday,9,Sep,2024,Q3,No
TXN0475,2024-09-21,Rapido Bike Taxi,Travel,80,Expense,UPI,Saturday,9,Sep,2024,Q3,Yes
TXN0465,2024-09-21,Zomato Order,Food & Dining,600,Expense,Credit Card,Saturday,9,Sep,2024,Q3,Yes
TXN0488,2024-09-22,Doctor Consultation,Healthcare,600,Expense,UPI,Sunday,9,Sep,2024,Q3,Yes
TXN0453,2024-09-23,Local Kirana Store,Groceries,300,Expense,Cash,Monday,9,Sep,2024,Q3,No
TXN0466,2024-09-23,Swiggy Order,Food & Dining,320,Expense,UPI,Monday,9,Sep,2024,Q3,No
TXN0476,2024-09-25,Ola / Uber Cab,Travel,220,Expense,UPI,Wednesday,9,Sep,2024,Q3,No
TXN0467,2024-09-25,Restaurant Lunch,Food & Dining,600,Expense,UPI,Wednesday,9,Sep,2024,Q3,No
TXN0454,2024-09-26,DMart Shopping,Groceries,1200,Expense,Debit Card,Thursday,9,Sep,2024,Q3,No
TXN0468,2024-09-27,Biryani House,Food & Dining,450,Expense,Cash,Friday,9,Sep,2024,Q3,No
TXN0481,2024-09-27,Concert Ticket,Entertainment,1200,Expense,Credit Card,Friday,9,Sep,2024,Q3,No
TXN0477,2024-09-28,Petrol Fill-up,Travel,2200,Expense,Credit Card,Saturday,9,Sep,2024,Q3,Yes
TXN0489,2024-09-28,Diagnostic Lab Test,Healthcare,900,Expense,UPI,Saturday,9,Sep,2024,Q3,Yes
TXN0469,2024-09-29,Ice Cream Parlour,Food & Dining,270,Expense,Cash,Sunday,9,Sep,2024,Q3,Yes
TXN0509,2024-10-01,Zomato Order,Food & Dining,490,Expense,UPI,Tuesday,10,Oct,2024,Q4,No
TXN0543,2024-10-01,Gym Membership,Healthcare,1500,Expense,UPI,Tuesday,10,Oct,2024,Q4,No
TXN0492,2024-10-01,Salary Credit - Employer,Income,95000,Income,Bank Transfer,Tuesday,10,Oct,2024,Q4,No
TXN0493,2024-10-01,Monthly Rent Payment,Rent,20000,Expense,Net Banking,Tuesday,10,Oct,2024,Q4,No
TXN0510,2024-10-03,Swiggy Order,Food & Dining,420,Expense,UPI,Thursday,10,Oct,2024,Q4,No
TXN0501,2024-10-03,Big Basket Order,Groceries,1680,Expense,UPI,Thursday,10,Oct,2024,Q4,No
TXN0494,2024-10-03,Electricity Bill,Utilities,2312,Expense,UPI,Thursday,10,Oct,2024,Q4,No
TXN0495,2024-10-04,Mobile Recharge - Jio,Utilities,299,Expense,UPI,Friday,10,Oct,2024,Q4,No
TXN0524,2024-10-04,Ola / Uber Cab,Travel,350,Expense,UPI,Friday,10,Oct,2024,Q4,No
TXN0536,2024-10-05,Bowling-Sports,Entertainment,840,Expense,Cash,Saturday,10,Oct,2024,Q4,Yes
TXN0500,2024-10-05,LinkedIn Premium,Subscriptions,1600,Expense,Credit Card,Saturday,10,Oct,2024,Q4,Yes
TXN0511,2024-10-05,Restaurant Dinner,Food & Dining,1680,Expense,Credit Card,Saturday,10,Oct,2024,Q4,Yes
TXN0498,2024-10-05,Spotify Premium,Subscriptions,119,Expense,Credit Card,Saturday,10,Oct,2024,Q4,Yes
TXN0499,2024-10-05,YouTube Premium,Subscriptions,189,Expense,Credit Card,Saturday,10,Oct,2024,Q4,Yes
TXN0496,2024-10-05,Internet Broadband,Utilities,999,Expense,Net Banking,Saturday,10,Oct,2024,Q4,Yes
TXN0537,2024-10-05,Amazon Order,Shopping,1680,Expense,Credit Card,Saturday,10,Oct,2024,Q4,Yes
TXN0497,2024-10-06,Gas Cylinder,Utilities,950,Expense,Cash,Sunday,10,Oct,2024,Q4,Yes
TXN0532,2024-10-06,Movie Tickets - BookMyShow,Entertainment,700,Expense,UPI,Sunday,10,Oct,2024,Q4,Yes
TXN0512,2024-10-07,Cafe Coffee Day,Food & Dining,350,Expense,UPI,Monday,10,Oct,2024,Q4,No
TXN0502,2024-10-07,DMart Shopping,Groceries,2100,Expense,Debit Card,Monday,10,Oct,2024,Q4,No
TXN0547,2024-10-08,Udemy Course,Education,499,Expense,Credit Card,Tuesday,10,Oct,2024,Q4,No
TXN0525,2024-10-08,Petrol Fill-up,Travel,3500,Expense,UPI,Tuesday,10,Oct,2024,Q4,No
TXN0513,2024-10-09,Office Canteen Lunch,Food & Dining,168,Expense,Cash,Wednesday,10,Oct,2024,Q4,No
TXN0503,2024-10-10,Local Kirana Store,Groceries,560,Expense,Cash,Thursday,10,Oct,2024,Q4,No
TXN0538,2024-10-11,Flipkart Order,Shopping,2100,Expense,Credit Card,Friday,10,Oct,2024,Q4,No
TXN0514,2024-10-11,McDonald's,Food & Dining,448,Expense,UPI,Friday,10,Oct,2024,Q4,No
TXN0526,2024-10-12,Metro Card Recharge,Travel,700,Expense,UPI,Saturday,10,Oct,2024,Q4,Yes
TXN0504,2024-10-13,Zepto Grocery,Groceries,840,Expense,UPI,Sunday,10,Oct,2024,Q4,Yes
TXN0515,2024-10-13,Starbucks Coffee,Food & Dining,945,Expense,Credit Card,Sunday,10,Oct,2024,Q4,Yes
TXN0533,2024-10-13,OTT - Netflix,Entertainment,909,Expense,Credit Card,Sunday,10,Oct,2024,Q4,Yes
TXN0544,2024-10-15,Apollo Pharmacy,Healthcare,450,Expense,Cash,Tuesday,10,Oct,2024,Q4,No
TXN0516,2024-10-15,Pizza Hut,Food & Dining,910,Expense,Credit Card,Tuesday,10,Oct,2024,Q4,No
TXN0527,2024-10-16,Ola / Uber Cab,Travel,420,Expense,Credit Card,Wednesday,10,Oct,2024,Q4,No
TXN0505,2024-10-16,Swiggy Instamart,Groceries,490,Expense,UPI,Wednesday,10,Oct,2024,Q4,No
TXN0539,2024-10-17,Myntra Clothing,Shopping,2520,Expense,Credit Card,Thursday,10,Oct,2024,Q4,No
TXN0517,2024-10-17,Street Food,Food & Dining,168,Expense,Cash,Thursday,10,Oct,2024,Q4,No
TXN0548,2024-10-18,Coursera Subscription,Education,1999,Expense,Credit Card,Friday,10,Oct,2024,Q4,No
TXN0518,2024-10-19,Domino's Pizza,Food & Dining,1155,Expense,UPI,Saturday,10,Oct,2024,Q4,Yes
TXN0506,2024-10-19,Big Basket Order,Groceries,1260,Expense,Credit Card,Saturday,10,Oct,2024,Q4,Yes
TXN0528,2024-10-19,Auto Rickshaw,Travel,140,Expense,Cash,Saturday,10,Oct,2024,Q4,Yes
TXN0534,2024-10-20,Gaming Purchase,Entertainment,1120,Expense,Credit Card,Sunday,10,Oct,2024,Q4,Yes
TXN0529,2024-10-21,Rapido Bike Taxi,Travel,112,Expense,UPI,Monday,10,Oct,2024,Q4,No
TXN0519,2024-10-21,Zomato Order,Food & Dining,560,Expense,Credit Card,Monday,10,Oct,2024,Q4,No
TXN0540,2024-10-22,Books - Amazon,Shopping,700,Expense,UPI,Tuesday,10,Oct,2024,Q4,No
TXN0545,2024-10-22,Doctor Consultation,Healthcare,600,Expense,UPI,Tuesday,10,Oct,2024,Q4,No
TXN0507,2024-10-23,Local Kirana Store,Groceries,420,Expense,Cash,Wednesday,10,Oct,2024,Q4,No
TXN0520,2024-10-23,Swiggy Order,Food & Dining,448,Expense,UPI,Wednesday,10,Oct,2024,Q4,No
TXN0521,2024-10-25,Restaurant Lunch,Food & Dining,840,Expense,UPI,Friday,10,Oct,2024,Q4,No
TXN0530,2024-10-25,Ola / Uber Cab,Travel,308,Expense,UPI,Friday,10,Oct,2024,Q4,No
TXN0508,2024-10-26,DMart Shopping,Groceries,1680,Expense,Debit Card,Saturday,10,Oct,2024,Q4,Yes
TXN0522,2024-10-27,Biryani House,Food & Dining,945,Expense,Cash,Sunday,10,Oct,2024,Q4,Yes
TXN0541,2024-10-27,Decathlon Sports,Shopping,3500,Expense,Credit Card,Sunday,10,Oct,2024,Q4,Yes
TXN0535,2024-10-27,Concert Ticket,Entertainment,1680,Expense,Credit Card,Sunday,10,Oct,2024,Q4,Yes
TXN0546,2024-10-28,Diagnostic Lab Test,Healthcare,900,Expense,UPI,Monday,10,Oct,2024,Q4,No
TXN0531,2024-10-28,Petrol Fill-up,Travel,3080,Expense,Credit Card,Monday,10,Oct,2024,Q4,No
TXN0523,2024-10-29,Ice Cream Parlour,Food & Dining,252,Expense,Cash,Tuesday,10,Oct,2024,Q4,No
TXN0542,2024-10-29,Gift Purchase,Shopping,1400,Expense,UPI,Tuesday,10,Oct,2024,Q4,No
TXN0551,2024-11-01,Monthly Rent Payment,Rent,20000,Expense,Net Banking,Friday,11,Nov,2024,Q4,No
TXN0566,2024-11-01,Zomato Order,Food & Dining,525,Expense,UPI,Friday,11,Nov,2024,Q4,No
TXN0549,2024-11-01,Salary Credit - Employer,Income,95000,Income,Bank Transfer,Friday,11,Nov,2024,Q4,No
TXN0602,2024-11-01,Gym Membership,Healthcare,1500,Expense,UPI,Friday,11,Nov,2024,Q4,No
TXN0552,2024-11-03,Electricity Bill,Utilities,2465,Expense,UPI,Sunday,11,Nov,2024,Q4,Yes
TXN0558,2024-11-03,Big Basket Order,Groceries,1800,Expense,UPI,Sunday,11,Nov,2024,Q4,Yes
TXN0567,2024-11-03,Swiggy Order,Food & Dining,675,Expense,UPI,Sunday,11,Nov,2024,Q4,Yes
TXN0581,2024-11-04,Ola / Uber Cab,Travel,375,Expense,UPI,Monday,11,Nov,2024,Q4,No
TXN0553,2024-11-04,Mobile Recharge - Jio,Utilities,299,Expense,UPI,Monday,11,Nov,2024,Q4,No
TXN0595,2024-11-05,Bowling-Sports,Entertainment,900,Expense,Cash,Tuesday,11,Nov,2024,Q4,No
TXN0568,2024-11-05,Restaurant Dinner,Food & Dining,1200,Expense,Credit Card,Tuesday,11,Nov,2024,Q4,No
TXN0596,2024-11-05,Amazon Order,Shopping,1800,Expense,Credit Card,Tuesday,11,Nov,2024,Q4,No
TXN0554,2024-11-05,Internet Broadband,Utilities,999,Expense,Net Banking,Tuesday,11,Nov,2024,Q4,No
TXN0556,2024-11-05,Spotify Premium,Subscriptions,119,Expense,Credit Card,Tuesday,11,Nov,2024,Q4,No
TXN0557,2024-11-05,YouTube Premium,Subscriptions,189,Expense,Credit Card,Tuesday,11,Nov,2024,Q4,No
TXN0591,2024-11-06,Movie Tickets - BookMyShow,Entertainment,750,Expense,UPI,Wednesday,11,Nov,2024,Q4,No
TXN0555,2024-11-06,Gas Cylinder,Utilities,950,Expense,Cash,Wednesday,11,Nov,2024,Q4,No
TXN0559,2024-11-07,DMart Shopping,Groceries,2250,Expense,Debit Card,Thursday,11,Nov,2024,Q4,No
TXN0569,2024-11-07,Cafe Coffee Day,Food & Dining,375,Expense,UPI,Thursday,11,Nov,2024,Q4,No
TXN0606,2024-11-08,Udemy Course,Education,499,Expense,Credit Card,Friday,11,Nov,2024,Q4,No
TXN0582,2024-11-08,Petrol Fill-up,Travel,3750,Expense,UPI,Friday,11,Nov,2024,Q4,No
TXN0570,2024-11-09,Office Canteen Lunch,Food & Dining,270,Expense,Cash,Saturday,11,Nov,2024,Q4,Yes
TXN0560,2024-11-10,Local Kirana Store,Groceries,600,Expense,Cash,Sunday,11,Nov,2024,Q4,Yes
TXN0597,2024-11-11,Flipkart Order,Shopping,2250,Expense,Credit Card,Monday,11,Nov,2024,Q4,No
TXN0571,2024-11-11,McDonald's,Food & Dining,480,Expense,UPI,Monday,11,Nov,2024,Q4,No
TXN0583,2024-11-12,Metro Card Recharge,Travel,750,Expense,UPI,Tuesday,11,Nov,2024,Q4,No
TXN0592,2024-11-13,OTT - Netflix,Entertainment,974,Expense,Credit Card,Wednesday,11,Nov,2024,Q4,No
TXN0561,2024-11-13,Zepto Grocery,Groceries,900,Expense,UPI,Wednesday,11,Nov,2024,Q4,No
TXN0572,2024-11-13,Starbucks Coffee,Food & Dining,675,Expense,Credit Card,Wednesday,11,Nov,2024,Q4,No
TXN0573,2024-11-15,Pizza Hut,Food & Dining,975,Expense,Credit Card,Friday,11,Nov,2024,Q4,No
TXN0589,2024-11-15,Train Ticket - IRCTC,Travel,1800,Expense,Net Banking,Friday,11,Nov,2024,Q4,No
TXN0603,2024-11-15,Apollo Pharmacy,Healthcare,450,Expense,Cash,Friday,11,Nov,2024,Q4,No
TXN0550,2024-11-15,Freelance Project Payment,Income,25000,Income,Bank Transfer,Friday,11,Nov,2024,Q4,No
TXN0584,2024-11-16,Ola / Uber Cab,Travel,450,Expense,Credit Card,Saturday,11,Nov,2024,Q4,Yes
TXN0562,2024-11-16,Swiggy Instamart,Groceries,525,Expense,UPI,Saturday,11,Nov,2024,Q4,Yes
TXN0598,2024-11-17,Myntra Clothing,Shopping,2700,Expense,Credit Card,Sunday,11,Nov,2024,Q4,Yes
TXN0574,2024-11-17,Street Food,Food & Dining,270,Expense,Cash,Sunday,11,Nov,2024,Q4,Yes
TXN0607,2024-11-18,Coursera Subscription,Education,1999,Expense,Credit Card,Monday,11,Nov,2024,Q4,No
TXN0563,2024-11-19,Big Basket Order,Groceries,1350,Expense,Credit Card,Tuesday,11,Nov,2024,Q4,No
TXN0585,2024-11-19,Auto Rickshaw,Travel,150,Expense,Cash,Tuesday,11,Nov,2024,Q4,No
TXN0575,2024-11-19,Domino's Pizza,Food & Dining,825,Expense,UPI,Tuesday,11,Nov,2024,Q4,No
TXN0593,2024-11-20,Gaming Purchase,Entertainment,1200,Expense,Credit Card,Wednesday,11,Nov,2024,Q4,No
TXN0590,2024-11-20,Hotel Stay,Travel,5250,Expense,Credit Card,Wednesday,11,Nov,2024,Q4,No
TXN0586,2024-11-21,Rapido Bike Taxi,Travel,120,Expense,UPI,Thursday,11,Nov,2024,Q4,No
TXN0576,2024-11-21,Zomato Order,Food & Dining,600,Expense,Credit Card,Thursday,11,Nov,2024,Q4,No
TXN0599,2024-11-22,Books - Amazon,Shopping,750,Expense,UPI,Friday,11,Nov,2024,Q4,No
TXN0604,2024-11-22,Doctor Consultation,Healthcare,600,Expense,UPI,Friday,11,Nov,2024,Q4,No
TXN0577,2024-11-23,Swiggy Order,Food & Dining,720,Expense,UPI,Saturday,11,Nov,2024,Q4,Yes
TXN0564,2024-11-23,Local Kirana Store,Groceries,450,Expense,Cash,Saturday,11,Nov,2024,Q4,Yes
TXN0587,2024-11-25,Ola / Uber Cab,Travel,330,Expense,UPI,Monday,11,Nov,2024,Q4,No
TXN0578,2024-11-25,Restaurant Lunch,Food & Dining,900,Expense,UPI,Monday,11,Nov,2024,Q4,No
TXN0565,2024-11-26,DMart Shopping,Groceries,1800,Expense,Debit Card,Tuesday,11,Nov,2024,Q4,No
TXN0594,2024-11-27,Concert Ticket,Entertainment,1800,Expense,Credit Card,Wednesday,11,Nov,2024,Q4,No
TXN0600,2024-11-27,Decathlon Sports,Shopping,3750,Expense,Credit Card,Wednesday,11,Nov,2024,Q4,No
TXN0579,2024-11-27,Biryani House,Food & Dining,675,Expense,Cash,Wednesday,11,Nov,2024,Q4,No
TXN0605,2024-11-28,Diagnostic Lab Test,Healthcare,900,Expense,UPI,Thursday,11,Nov,2024,Q4,No
TXN0588,2024-11-28,Petrol Fill-up,Travel,3300,Expense,Credit Card,Thursday,11,Nov,2024,Q4,No
TXN0580,2024-11-29,Ice Cream Parlour,Food & Dining,270,Expense,Cash,Friday,11,Nov,2024,Q4,No
TXN0601,2024-11-29,Gift Purchase,Shopping,1500,Expense,UPI,Friday,11,Nov,2024,Q4,No
TXN0661,2024-12-01,Gym Membership,Healthcare,1500,Expense,UPI,Sunday,12,Dec,2024,Q4,Yes
TXN0625,2024-12-01,Zomato Order,Food & Dining,682,Expense,UPI,Sunday,12,Dec,2024,Q4,Yes
TXN0608,2024-12-01,Salary Credit - Employer,Income,95000,Income,Bank Transfer,Sunday,12,Dec,2024,Q4,Yes
TXN0609,2024-12-01,Monthly Rent Payment,Rent,20000,Expense,Net Banking,Sunday,12,Dec,2024,Q4,Yes
TXN0626,2024-12-03,Swiggy Order,Food & Dining,390,Expense,UPI,Tuesday,12,Dec,2024,Q4,No
TXN0617,2024-12-03,Big Basket Order,Groceries,1560,Expense,UPI,Tuesday,12,Dec,2024,Q4,No
TXN0610,2024-12-03,Electricity Bill,Utilities,2159,Expense,UPI,Tuesday,12,Dec,2024,Q4,No
TXN0611,2024-12-04,Mobile Recharge - Jio,Utilities,299,Expense,UPI,Wednesday,12,Dec,2024,Q4,No
TXN0640,2024-12-04,Ola / Uber Cab,Travel,325,Expense,UPI,Wednesday,12,Dec,2024,Q4,No
TXN0656,2024-12-05,Amazon Order,Shopping,1560,Expense,Credit Card,Thursday,12,Dec,2024,Q4,No
TXN0655,2024-12-05,Bowling-Sports,Entertainment,780,Expense,Cash,Thursday,12,Dec,2024,Q4,No
TXN0627,2024-12-05,Restaurant Dinner,Food & Dining,1040,Expense,Credit Card,Thursday,12,Dec,2024,Q4,No
TXN0616,2024-12-05,LinkedIn Premium,Subscriptions,1600,Expense,Credit Card,Thursday,12,Dec,2024,Q4,No
TXN0612,2024-12-05,Internet Broadband,Utilities,999,Expense,Net Banking,Thursday,12,Dec,2024,Q4,No
TXN0615,2024-12-05,YouTube Premium,Subscriptions,189,Expense,Credit Card,Thursday,12,Dec,2024,Q4,No
TXN0614,2024-12-05,Spotify Premium,Subscriptions,119,Expense,Credit Card,Thursday,12,Dec,2024,Q4,No
TXN0613,2024-12-06,Gas Cylinder,Utilities,950,Expense,Cash,Friday,12,Dec,2024,Q4,No
TXN0651,2024-12-06,Movie Tickets - BookMyShow,Entertainment,650,Expense,UPI,Friday,12,Dec,2024,Q4,No
TXN0628,2024-12-07,Cafe Coffee Day,Food & Dining,488,Expense,UPI,Saturday,12,Dec,2024,Q4,Yes
TXN0618,2024-12-07,DMart Shopping,Groceries,1950,Expense,Debit Card,Saturday,12,Dec,2024,Q4,Yes
TXN0641,2024-12-08,Petrol Fill-up,Travel,3250,Expense,UPI,Sunday,12,Dec,2024,Q4,Yes
TXN0665,2024-12-08,Udemy Course,Education,499,Expense,Credit Card,Sunday,12,Dec,2024,Q4,Yes
TXN0629,2024-12-09,Office Canteen Lunch,Food & Dining,156,Expense,Cash,Monday,12,Dec,2024,Q4,No
TXN0619,2024-12-10,Local Kirana Store,Groceries,520,Expense,Cash,Tuesday,12,Dec,2024,Q4,No
TXN0657,2024-12-11,Flipkart Order,Shopping,1950,Expense,Credit Card,Wednesday,12,Dec,2024,Q4,No
TXN0630,2024-12-11,McDonald's,Food & Dining,416,Expense,UPI,Wednesday,12,Dec,2024,Q4,No
TXN0642,2024-12-12,Metro Card Recharge,Travel,650,Expense,UPI,Thursday,12,Dec,2024,Q4,No
TXN0652,2024-12-13,OTT - Netflix,Entertainment,844,Expense,Credit Card,Friday,12,Dec,2024,Q4,No
TXN0620,2024-12-13,Zepto Grocery,Groceries,780,Expense,UPI,Friday,12,Dec,2024,Q4,No
TXN0631,2024-12-13,Starbucks Coffee,Food & Dining,585,Expense,Credit Card,Friday,12,Dec,2024,Q4,No
TXN0648,2024-12-15,Train Ticket - IRCTC,Travel,1560,Expense,Net Banking,Sunday,12,Dec,2024,Q4,Yes
TXN0662,2024-12-15,Apollo Pharmacy,Healthcare,450,Expense,Cash,Sunday,12,Dec,2024,Q4,Yes
TXN0632,2024-12-15,Pizza Hut,Food & Dining,1268,Expense,Credit Card,Sunday,12,Dec,2024,Q4,Yes
TXN0643,2024-12-16,Ola / Uber Cab,Travel,390,Expense,Credit Card,Monday,12,Dec,2024,Q4,No
TXN0621,2024-12-16,Swiggy Instamart,Groceries,455,Expense,UPI,Monday,12,Dec,2024,Q4,No
TXN0658,2024-12-17,Myntra Clothing,Shopping,2340,Expense,Credit Card,Tuesday,12,Dec,2024,Q4,No
TXN0633,2024-12-17,Street Food,Food & Dining,156,Expense,Cash,Tuesday,12,Dec,2024,Q4,No
TXN0666,2024-12-18,Coursera Subscription,Education,1999,Expense,Credit Card,Wednesday,12,Dec,2024,Q4,No
TXN0644,2024-12-19,Auto Rickshaw,Travel,130,Expense,Cash,Thursday,12,Dec,2024,Q4,No
TXN0622,2024-12-19,Big Basket Order,Groceries,1170,Expense,Credit Card,Thursday,12,Dec,2024,Q4,No
TXN0634,2024-12-19,Domino's Pizza,Food & Dining,715,Expense,UPI,Thursday,12,Dec,2024,Q4,No
TXN0653,2024-12-20,Gaming Purchase,Entertainment,1040,Expense,Credit Card,Friday,12,Dec,2024,Q4,No
TXN0649,2024-12-20,Hotel Stay,Travel,4550,Expense,Credit Card,Friday,12,Dec,2024,Q4,No
TXN0635,2024-12-21,Zomato Order,Food & Dining,780,Expense,Credit Card,Saturday,12,Dec,2024,Q4,Yes
TXN0645,2024-12-21,Rapido Bike Taxi,Travel,104,Expense,UPI,Saturday,12,Dec,2024,Q4,Yes
TXN0650,2024-12-22,Flight Ticket,Travel,8450,Expense,Credit Card,Sunday,12,Dec,2024,Q4,Yes
TXN0663,2024-12-22,Doctor Consultation,Healthcare,600,Expense,UPI,Sunday,12,Dec,2024,Q4,Yes
TXN0659,2024-12-22,Books - Amazon,Shopping,650,Expense,UPI,Sunday,12,Dec,2024,Q4,Yes
TXN0623,2024-12-23,Local Kirana Store,Groceries,390,Expense,Cash,Monday,12,Dec,2024,Q4,No
TXN0636,2024-12-23,Swiggy Order,Food & Dining,416,Expense,UPI,Monday,12,Dec,2024,Q4,No
TXN0637,2024-12-25,Restaurant Lunch,Food & Dining,780,Expense,UPI,Wednesday,12,Dec,2024,Q4,No
TXN0646,2024-12-25,Ola / Uber Cab,Travel,286,Expense,UPI,Wednesday,12,Dec,2024,Q4,No
TXN0624,2024-12-26,DMart Shopping,Groceries,1560,Expense,Debit Card,Thursday,12,Dec,2024,Q4,No
TXN0654,2024-12-27,Concert Ticket,Entertainment,1560,Expense,Credit Card,Friday,12,Dec,2024,Q4,No
TXN0638,2024-12-27,Biryani House,Food & Dining,585,Expense,Cash,Friday,12,Dec,2024,Q4,No
TXN0660,2024-12-27,Decathlon Sports,Shopping,3250,Expense,Credit Card,Friday,12,Dec,2024,Q4,No
TXN0647,2024-12-28,Petrol Fill-up,Travel,2860,Expense,Credit Card,Saturday,12,Dec,2024,Q4,Yes
TXN0664,2024-12-28,Diagnostic Lab Test,Healthcare,900,Expense,UPI,Saturday,12,Dec,2024,Q4,Yes
TXN0639,2024-12-29,Ice Cream Parlour,Food & Dining,351,Expense,Cash,Sunday,12,Dec,2024,Q4,Yes
